<?xml version="1.0" encoding="UTF-8"?>
<document type="com.apple.InterfaceBuilder3.CocoaTouch.Storyboard.XIB" version="3.0" toolsVersion="24506" targetRuntime="iOS.CocoaTouch" propertyAccessControl="none" useAutolayout="YES" launchScreen="YES" useTraitCollections="YES" useSafeAreas="YES" colorMatched="YES" initialViewController="01J-lp-oVM">
    <device id="retina6_12" orientation="portrait" appearance="light"/>
    <dependencies>
        <plugIn identifier="com.apple.InterfaceBuilder.IBCocoaTouchPlugin" version="24504"/>
        <capability name="Safe area layout guides" minToolsVersion="9.0"/>
        <capability name="System colors in document resources" minToolsVersion="11.0"/>
        <capability name="documents saved in the Xcode 8 format" minToolsVersion="8.0"/>
    </dependencies>
    <scenes>
        <!--View Controller-->
        <scene sceneID="EHf-IW-A2E">
            <objects>
                <viewController id="01J-lp-oVM" sceneMemberID="viewController">
                    <view key="view" contentMode="scaleToFill" id="Ze5-6b-2t3">
                        <rect key="frame" x="0.0" y="0.0" width="393" height="852"/>
                        <autoresizingMask key="autoresizingMask" widthSizable="YES" heightSizable="YES"/>
                        <subviews>
                            <label opaque="NO" userInteractionEnabled="NO" contentMode="left" horizontalHuggingPriority="251" verticalHuggingPriority="251" fixedFrame="YES" text="Pepe's Resume" textAlignment="center" lineBreakMode="tailTruncation" baselineAdjustment="alignBaselines" adjustsFontForContentSizeCategory="YES" adjustsFontSizeToFit="NO" translatesAutoresizingMaskIntoConstraints="NO" id="b9E-6c-hCz">
                                <rect key="frame" x="103" y="242" width="186" height="92"/>
                                <autoresizingMask key="autoresizingMask" flexibleMaxX="YES" flexibleMaxY="YES"/>
                                <color key="backgroundColor" systemColor="systemTealColor"/>
                                <fontDescription key="fontDescription" type="system" pointSize="25"/>
                                <color key="textColor" systemColor="tableBackgroundColor"/>
                                <color key="highlightedColor" systemColor="systemGreenColor"/>
                            </label>
                        </subviews>
                        <viewLayoutGuide key="safeArea" id="6Tk-OE-BBY"/>
                        <color key="backgroundColor" systemColor="systemGreenColor"/>
                    </view>
                </viewController>
                <placeholder placeholderIdentifier="IBFirstResponder" id="iYj-Kq-Ea1" userLabel="First Responder" sceneMemberID="firstResponder"/>
            </objects>
            <point key="canvasLocation" x="52.671755725190835" y="374.64788732394368"/>
        </scene>
    </scenes>
    <resources>
        <systemColor name="systemGreenColor">
            <color red="0.20392156862745098" green="0.7803921568627451" blue="0.34901960784313724" alpha="1" colorSpace="custom" customColorSpace="sRGB"/>
        </systemColor>
        <systemColor name="systemTealColor">
            <color red="0.0" green="0.76470588235294112" blue="0.81568627450980391" alpha="1" colorSpace="custom" customColorSpace="sRGB"/>
        </systemColor>
        <systemColor name="tableBackgroundColor">
            <color white="1" alpha="1" colorSpace="custom" customColorSpace="genericGamma22GrayColorSpace"/>
        </systemColor>
    </resources>
</document>
